index,model_id,fine_grained_class,coarse_grained_class,empty_struct_obj,nyuv2_40class,wnsynsetid,wnsynsetkey
0,Empty,empty,empty,0,void,n03284308,empty.n.01
1,Wall,wall,wall,1,wall,n04546855,wall.n.01
2,Ceiling,ceiling,ceiling,1,ceiling,n02990373,ceiling.n.01
3,Floor,floor,floor,1,floor,n03365592,floor.n.01
4,Box,unknown,unknown,2,void,n08632096,unknown.n.01
13,109,coffee_table,table,2,table,n03063968,coffee_table.n.01
26,122,door,door,2,door,n03221720,door.n.01
30,126,window,window,2,window,n04587648,window.n.01
39,135,shower,shower,2,shower_curtain,n04208936,shower.n.01
48,144,mirror,mirror,2,mirror,n03773035,mirror.n.01
54,150,toilet,toilet,2,toilet,n04446276,toilet.n.01
70,174,coffee_table,table,2,table,n03063968,coffee_table.n.01
98,203,dressing_table,dressing_table,2,desk,n03238586,dressing_table.n.01
104,209,window,window,2,window,n04587648,window.n.01
105,210,window,window,2,window,n04587648,window.n.01
154,261,sofa,sofa,2,sofa,n04256520,sofa.n.01
167,274,wardrobe_cabinet,wardrobe_cabinet,2,cabinet,n02933112,cabinet.n.01
195,317,trash_can,trash_can,2,otherprop,n02946921,can.n.01
229,352,armchair,chair,2,chair,n02738535,armchair.n.01
242,365,column,column,1,wall,n03074380,column.n.06
320,441,chair,chair,2,chair,n03001627,chair.n.01
336,456,shelving,shelving,2,shelves,n04190052,shelf.n.01
359,478,ottoman,ottoman,2,otherprop,n03380724,footstool.n.01
380,499,towel_rack,bathroom_stuff,2,otherprop,n04459773,towel_rack.n.01
383,502,partition,partition,1,otherstructure,n03894379,partition.n.01
442,561,coffee_table,table,2,table,n03063968,coffee_table.n.01
494,625,curtain,curtain,2,curtain,n03151077,curtain.n.01
524,656,dining_table,table,2,table,n04379243,table.n.02
538,67,armchair,chair,2,chair,n02738535,armchair.n.01
645,77,double_bed,bed,2,bed,n03225988,double_bed.n.01
665,81,bathtub,bathtub,2,bathtub,n02808440,bathtub.n.01
667,83,toilet,toilet,2,toilet,n04446276,toilet.n.01
670,87,sink,sink,2,sink,n04223580,sink.n.01
,55abd427263bc2267f98595f18a6210f,desk,desk,,,,
,7807caccf26f7845e5cf802ea0702182,desk,desk,,,,
,c0970c1e14ba58a28d2d730aebe7865d,desk,desk,,,,
,d9e3a8c4f093d66f3e474b0005d777b5,desk,desk,,,,
,162413f98e2184d35b801d9acf8d2f94,desk,desk,,,,
,65f9103ab7a64e83cb7105765410e2d6,desk,desk,,,,
,90cd1d5e2f33888ebe9fa30bb5c5d8b5,desk,desk,,,,
,86a25532f255728fdaeb838d0771f3b5,armchair,chair,,,,
,9072f7b49f0f9a4bf8bd41e640eaf848,folding_chair,chair,,,,
,951cc2a069d075cdadaabe1b581f21e1,straight_chair,chair,,,,
,1c3f1a9cea91359c4c3e19c2c67c262f,lounge_chair,chair,,,,
,12f4d8c20ef311d988dcbe86402c7c15,sofa_chair,chair,,,,
,119ddb219f69b1cc492d9da2668ec34c,office_chair,chair,,,,
,2c765a22aed498f79ec5c5d2f7741e6a,chair,chair,,,,
,fc131dfba15fafb2fdeed357dfbe708a,armchair,chair,,,,
,d4aafb7908c8ae5883005e5bf6c208e0,folding_chair,chair,,,,
,258867fb919719fdf91663a74ccd2338,straight_chair,chair,,,,
,32408a694ac56775ce62834dbceac22f,lounge_chair,chair,,,,
,2fca00b377269eebdb039d8689a74349,sofa_chair,chair,,,,
,14977bca24205cc2a6fee8e2140acec9,office_chair,chair,,,,
,806bce1a95268006ecd7cae46ee113ea,chair,chair,,,,
,889608adead0fbcad5067eac75a07f7,armchair,chair,,,,
,4855971647f786b642e1bb4fe264125f,straight_chair,chair,,,,
,665bfb42a0362f71d577f4b88a77dd38,lounge_chair,chair,,,,
,7f3562432f02b8a897d3ea932731fd42,sofa_chair,chair,,,,
,20a5672ab6767a436fdde33224151fa5,office_chair,chair,,,,
,17870a3cccc0709ab610b0c94236463,chair,chair,,,,
,4ab439279e665e08410fc47639efb60,straight_chair,chair,,,,
,8a38d65b4909e79d727e9f790cd597,lounge_chair,chair,,,,
,228d02580021e666796c584ff1fcf56d,office_chair,chair,,,,
,3225898a2fe3f6257ed90bca788562eb,office_chair,chair,,,,
,104221f8a5b6676aa1dda33d5a7c8c38,coffee_table,table,,,,
,14624a2cc43aac50e3a031805ace4a99,dining_table,table,,,,
,2362ec480b3e9baa4fd5721982c508ad,table,table,,,,
,155a08c8e150e7008c4f202fffc87396,coffee_table,table,,,,
,3f75a5cd629226a43bc7843c125d3dc1,dining_table,table,,,,
,4b22b93f9f881fe3434cc1450456532d,table,table,,,,
,176331ab6542bd406e3c8a33c4ddf2ef,coffee_table,table,,,,
,88e73431030e8494cc0436ebbd73343e,dining_table,table,,,,
,525d48d65079b2003f222a37719e9945,table,table,,,,
,3d5f670616613d29948e91a0263c6132,coffee_table,table,,,,
,9b8e7652eac8daef33e6ceca7fd89911,dining_table,table,,,,
,53bc49f45214d8d6ea73a64ae4344bc3,table,table,,,,
,624890f61579a5db84577a999a07cf3,coffee_table,table,,,,
,fe167899fda76d1e88dcbe86402c7c15,dining_table,table,,,,
,841082ec0a936a16a4bec68446bb57f4,table,table,,,,
,c0470c413b0a260979368d1198f406e7,table,table,,,,
,9b298fa03232e1c29daeea1362fbd792,tv_stand,tv_stand,,,,
,fc58916f7322a9ec79f0d54f2568ec16,tv_stand,tv_stand,,,,
,1316780d9b4a8ca71bb088904f7cb154,tv_stand,tv_stand,,,,
,47cb4740e2e0cb8d11bf24e88933ed8f,tv_stand,tv_stand,,,,
,4ee381b31ee52ab83a2356a805b7cdf7,wardrobe_cabinet,wardrobe_cabinet,,,,
,581c8baea2ec1161e8109480f4780398,wardrobe_cabinet,wardrobe_cabinet,,,,
,cb48ec828b688a78d747fd5e045d7490,wardrobe_cabinet,wardrobe_cabinet,,,,
,300a2c57c5c0a31c35836c728d324152,floor_lamp,indoor_lamp,,,,
,3469cdf83a3cba1f35836c728d324152,floor_lamp,indoor_lamp,,,,
,8ece80f3ebbaac7035836c728d324152,floor_lamp,indoor_lamp,,,,
,c12cae39fa4d6f78a99e0f0bf1de3bbf,floor_lamp,indoor_lamp,,,,
,dccb87aacbcb40a4f1783a44a88d6274,stand,stand,,,,
,2bc37c326782ecfb9bbc8ad5ece3c1b,night_stand,stand,,,,
,68c52fa67028fceb47637d2621d965b1,stand,stand,,,,
,674ca67d5876e229d7c94fd3267ccbc,night_stand,stand,,,,
,849c1f116afb9875850130934a5671bf,night_stand,stand,,,,
,bde984cab54f1b8fce58f346b4d8abe,night_stand,stand,,,,
,17ff217a53ffcb20a1c637e821f12a67,dresser,dresser,,,,
,23b5ae42941ac7815b7d8e48ecc58356,dresser,dresser,,,,
,323b0f64f153b47e434c88ae20f69331,dresser,dresser,,,,
,3c693492780885e248af20241edfd17b,dresser,dresser,,,,
,43890c1681acdb96192cb9598e6d5392,plant,plant,,,,
,76ffe67d67948975464e3094da7d844a,plant,plant,,,,
,c19c6178ed0f6f9da989559b7c93527c,plant,plant,,,,
,20ab8bdaf7558cabfd5a5a5596b9840d,plant,plant,,,,
,5bf7954ab8168f24e3849910c5019154,plant,plant,,,,
,6028628127766d41cffd61677456447e,dressing_table,dressing_table,,,,
,eb5b11f0820f73acc5d9967b65588a28,dressing_table,dressing_table,,,,
,1f7301bb64526ce9d4cdf759998ef5c2,piano,music,,,,
,1a4ec387ea6820345778775dfd5ca46a,loudspeaker,music,,,,
,67f091721c90a533d747b49524a1246e,loudspeaker,music,,,,
,133f2d360f9b8691f5ee22e800bb9145,sofa,sofa,,,,
,2298d06de1efec2a8ab33b80d7377fc3,sofa,sofa,,,,
,354c37c168778a0bd4830313df3656b,sofa,sofa,,,,
,8872b51e43d2839b2bbb2dbe46302370,sofa,sofa,,,,
,c955e564c9a73650f78bdf37d618e97e,sofa,sofa,,,,
,87f103e24f91af8d4343db7d677fae7b,sofa,sofa,,,,
,5138936886b73a214892e19b2e1fd933,game_table,recreation,,,,
,151916d8cacda1691c352d02061b3f7,shelving,shelving,,,,
,39ef7e982d00763560507fdad4357e06,bookshelf,shelving,,,,
,3eb855c7bda95c1391c352d02061b3f7,shelving,shelving,,,,
,693836c29e5fa6179a2988e955b5ae43,bookshelf,shelving,,,,
,50b6f015efde66415c4a5e5e114d842,shelving,shelving,,,,
,750ba8feafceba921933ffef19678834,bookshelf,shelving,,,,
,7dd090ba0a8588a55f7f6f928a280ff1,shelving,shelving,,,,
,79f81b259e597d168e6da51641e48238,bookshelf,shelving,,,,
,3348af6458aa2f0545004a22a9d35958,single_bed,bed,,,,
,30b6b75548448c5f88a441c3f24d213a,double_bed,bed,,,,
,20eebe2dd79d8a663c21e83bef1bd7ca,baby_bed,bed,,,,
,59e9b9d7aee400b13df325aac2f73830,single_bed,bed,,,,
,87870712d104cf964fc1553be5e987de,double_bed,bed,,,,
,fcebba8e480c01bfdbc727c5adcdbaf5,single_bed,bed,,,,
,e91c2df09de0d4b1ed4d676215f46734,double_bed,bed,,,,
,69d996ed6fce735e1f6a5b0146bf3030,single_bed,bed,,,,
,57ca0a93f07cd504e3f7a74e12a274ef,double_bed,bed,,,,
,3df20e86818847dcd054cd3079273293,single_bed,bed,,,,
,5bbcf08fabf2d50336b41ce3eef1f5be,double_bed,bed,,,,
,8031a85ece37f223b5edf94cfe57f2d,double_bed,bed,,,,
,1152a5db0db892286c52446b30bba6c,fireplace,fireplace,,,,
,1c7b7f43d91e474dabaf316e4a957cb1,fireplace,fireplace,,,,
,83c33ab5e108f688657bf7ec906f4721,fireplace,fireplace,,,,
,df1bd1065e7f7cde5e29ce2c9d37b952,fireplace,fireplace,,,,
,21739712276d970c62261c712c0aec55,gym_equipment,gym_equipment,,,,
,2a65d7ac4437736724a415fef8a3f966,gym_equipment,gym_equipment,,,,
,f1b1e5d8f592f302a017d113d18bd1de,hanger,hanger,,,,
,653776d3f5cf198ccf004563556ddb36,hanger,hanger,,,,
,8bd3e4df6908e4876510282e828922a,bench_chair,bench_chair,,,,
,976636850849c3d6ffd996335233167,bench_chair,bench_chair,,,,
,bd276817499c11edf1783a44a88d6274,bench_chair,bench_chair,,,,
,11d2b7d8c377632bd4d8765e3910f617,trash_can,trash_can,,,,
,21601b2073df39a1ba03b08fad766c06,trash_can,trash_can,,,,
,e0c167a32fe41d1ce7ab3a37ad319023,trash_can,trash_can,,,,
,55abd427263bc2267f98595f18a6210f,desk,desk,,,,
,7807caccf26f7845e5cf802ea0702182,desk,desk,,,,
,c0970c1e14ba58a28d2d730aebe7865d,desk,desk,,,,
,d9e3a8c4f093d66f3e474b0005d777b5,desk,desk,,,,
,162413f98e2184d35b801d9acf8d2f94,desk,desk,,,,
,65f9103ab7a64e83cb7105765410e2d6,desk,desk,,,,
,90cd1d5e2f33888ebe9fa30bb5c5d8b5,desk,desk,,,,
,86a25532f255728fdaeb838d0771f3b5,armchair,chair,,,,
,9072f7b49f0f9a4bf8bd41e640eaf848,folding_chair,chair,,,,
,951cc2a069d075cdadaabe1b581f21e1,straight_chair,chair,,,,
,1c3f1a9cea91359c4c3e19c2c67c262f,lounge_chair,chair,,,,
,12f4d8c20ef311d988dcbe86402c7c15,sofa_chair,chair,,,,
,119ddb219f69b1cc492d9da2668ec34c,office_chair,chair,,,,
,2c765a22aed498f79ec5c5d2f7741e6a,chair,chair,,,,
,fc131dfba15fafb2fdeed357dfbe708a,armchair,chair,,,,
,d4aafb7908c8ae5883005e5bf6c208e0,folding_chair,chair,,,,
,258867fb919719fdf91663a74ccd2338,straight_chair,chair,,,,
,32408a694ac56775ce62834dbceac22f,lounge_chair,chair,,,,
,2fca00b377269eebdb039d8689a74349,sofa_chair,chair,,,,
,14977bca24205cc2a6fee8e2140acec9,office_chair,chair,,,,
,806bce1a95268006ecd7cae46ee113ea,chair,chair,,,,
,889608adead0fbcad5067eac75a07f7,armchair,chair,,,,
,4855971647f786b642e1bb4fe264125f,straight_chair,chair,,,,
,665bfb42a0362f71d577f4b88a77dd38,lounge_chair,chair,,,,
,7f3562432f02b8a897d3ea932731fd42,sofa_chair,chair,,,,
,20a5672ab6767a436fdde33224151fa5,office_chair,chair,,,,
,17870a3cccc0709ab610b0c94236463,chair,chair,,,,
,4ab439279e665e08410fc47639efb60,straight_chair,chair,,,,
,8a38d65b4909e79d727e9f790cd597,lounge_chair,chair,,,,
,228d02580021e666796c584ff1fcf56d,office_chair,chair,,,,
,3225898a2fe3f6257ed90bca788562eb,office_chair,chair,,,,
,104221f8a5b6676aa1dda33d5a7c8c38,coffee_table,table,,,,
,14624a2cc43aac50e3a031805ace4a99,dining_table,table,,,,
,2362ec480b3e9baa4fd5721982c508ad,table,table,,,,
,155a08c8e150e7008c4f202fffc87396,coffee_table,table,,,,
,3f75a5cd629226a43bc7843c125d3dc1,dining_table,table,,,,
,4b22b93f9f881fe3434cc1450456532d,table,table,,,,
,176331ab6542bd406e3c8a33c4ddf2ef,coffee_table,table,,,,
,88e73431030e8494cc0436ebbd73343e,dining_table,table,,,,
,525d48d65079b2003f222a37719e9945,table,table,,,,
,3d5f670616613d29948e91a0263c6132,coffee_table,table,,,,
,9b8e7652eac8daef33e6ceca7fd89911,dining_table,table,,,,
,53bc49f45214d8d6ea73a64ae4344bc3,table,table,,,,
,624890f61579a5db84577a999a07cf3,coffee_table,table,,,,
,fe167899fda76d1e88dcbe86402c7c15,dining_table,table,,,,
,841082ec0a936a16a4bec68446bb57f4,table,table,,,,
,c0470c413b0a260979368d1198f406e7,table,table,,,,
,9b298fa03232e1c29daeea1362fbd792,tv_stand,tv_stand,,,,
,fc58916f7322a9ec79f0d54f2568ec16,tv_stand,tv_stand,,,,
,1316780d9b4a8ca71bb088904f7cb154,tv_stand,tv_stand,,,,
,47cb4740e2e0cb8d11bf24e88933ed8f,tv_stand,tv_stand,,,,
,55abd427263bc2267f98595f18a6210f,desk,desk,,,,
,7807caccf26f7845e5cf802ea0702182,desk,desk,,,,
,c0970c1e14ba58a28d2d730aebe7865d,desk,desk,,,,
,d9e3a8c4f093d66f3e474b0005d777b5,desk,desk,,,,
,162413f98e2184d35b801d9acf8d2f94,desk,desk,,,,
,65f9103ab7a64e83cb7105765410e2d6,desk,desk,,,,
,90cd1d5e2f33888ebe9fa30bb5c5d8b5,desk,desk,,,,
,86a25532f255728fdaeb838d0771f3b5,armchair,chair,,,,
,9072f7b49f0f9a4bf8bd41e640eaf848,folding_chair,chair,,,,
,951cc2a069d075cdadaabe1b581f21e1,straight_chair,chair,,,,
,1c3f1a9cea91359c4c3e19c2c67c262f,lounge_chair,chair,,,,
,12f4d8c20ef311d988dcbe86402c7c15,sofa_chair,chair,,,,
,119ddb219f69b1cc492d9da2668ec34c,office_chair,chair,,,,
,2c765a22aed498f79ec5c5d2f7741e6a,chair,chair,,,,
,fc131dfba15fafb2fdeed357dfbe708a,armchair,chair,,,,
,d4aafb7908c8ae5883005e5bf6c208e0,folding_chair,chair,,,,
,258867fb919719fdf91663a74ccd2338,straight_chair,chair,,,,
,32408a694ac56775ce62834dbceac22f,lounge_chair,chair,,,,
,2fca00b377269eebdb039d8689a74349,sofa_chair,chair,,,,
,14977bca24205cc2a6fee8e2140acec9,office_chair,chair,,,,
,806bce1a95268006ecd7cae46ee113ea,chair,chair,,,,
,55abd427263bc2267f98595f18a6210f,desk,desk,,,,
,7807caccf26f7845e5cf802ea0702182,desk,desk,,,,
,c0970c1e14ba58a28d2d730aebe7865d,desk,desk,,,,
,d9e3a8c4f093d66f3e474b0005d777b5,desk,desk,,,,
,162413f98e2184d35b801d9acf8d2f94,desk,desk,,,,
,65f9103ab7a64e83cb7105765410e2d6,desk,desk,,,,
,90cd1d5e2f33888ebe9fa30bb5c5d8b5,desk,desk,,,,
,86a25532f255728fdaeb838d0771f3b5,armchair,chair,,,,
,9072f7b49f0f9a4bf8bd41e640eaf848,folding_chair,chair,,,,
,951cc2a069d075cdadaabe1b581f21e1,straight_chair,chair,,,,
,1c3f1a9cea91359c4c3e19c2c67c262f,lounge_chair,chair,,,,
,12f4d8c20ef311d988dcbe86402c7c15,sofa_chair,chair,,,,
,119ddb219f69b1cc492d9da2668ec34c,office_chair,chair,,,,
,55abd427263bc2267f98595f18a6210f,desk,desk,,,,
,7807caccf26f7845e5cf802ea0702182,desk,desk,,,,
,c0970c1e14ba58a28d2d730aebe7865d,desk,desk,,,,
,d9e3a8c4f093d66f3e474b0005d777b5,desk,desk,,,,
,162413f98e2184d35b801d9acf8d2f94,desk,desk,,,,
,65f9103ab7a64e83cb7105765410e2d6,desk,desk,,,,
,90cd1d5e2f33888ebe9fa30bb5c5d8b5,desk,desk,,,,
,86a25532f255728fdaeb838d0771f3b5,armchair,chair,,,,
,9072f7b49f0f9a4bf8bd41e640eaf848,folding_chair,chair,,,,
,951cc2a069d075cdadaabe1b581f21e1,straight_chair,chair,,,,
,1c3f1a9cea91359c4c3e19c2c67c262f,lounge_chair,chair,,,,
,12f4d8c20ef311d988dcbe86402c7c15,sofa_chair,chair,,,,
,119ddb219f69b1cc492d9da2668ec34c,office_chair,chair,,,,
,2c765a22aed498f79ec5c5d2f7741e6a,chair,chair,,,,
,fc131dfba15fafb2fdeed357dfbe708a,armchair,chair,,,,
,d4aafb7908c8ae5883005e5bf6c208e0,folding_chair,chair,,,,
,258867fb919719fdf91663a74ccd2338,straight_chair,chair,,,,
,32408a694ac56775ce62834dbceac22f,lounge_chair,chair,,,,
,2fca00b377269eebdb039d8689a74349,sofa_chair,chair,,,,
,14977bca24205cc2a6fee8e2140acec9,office_chair,chair,,,,
,806bce1a95268006ecd7cae46ee113ea,chair,chair,,,,
,889608adead0fbcad5067eac75a07f7,armchair,chair,,,,
,4855971647f786b642e1bb4fe264125f,straight_chair,chair,,,,
,665bfb42a0362f71d577f4b88a77dd38,lounge_chair,chair,,,,
,7f3562432f02b8a897d3ea932731fd42,sofa_chair,chair,,,,
,20a5672ab6767a436fdde33224151fa5,office_chair,chair,,,,
,17870a3cccc0709ab610b0c94236463,chair,chair,,,,
,4ab439279e665e08410fc47639efb60,straight_chair,chair,,,,
,8a38d65b4909e79d727e9f790cd597,lounge_chair,chair,,,,
,228d02580021e666796c584ff1fcf56d,office_chair,chair,,,,
,3225898a2fe3f6257ed90bca788562eb,office_chair,chair,,,,
,104221f8a5b6676aa1dda33d5a7c8c38,coffee_table,table,,,,
,14624a2cc43aac50e3a031805ace4a99,dining_table,table,,,,
,2362ec480b3e9baa4fd5721982c508ad,table,table,,,,
,155a08c8e150e7008c4f202fffc87396,coffee_table,table,,,,
,3f75a5cd629226a43bc7843c125d3dc1,dining_table,table,,,,
,4b22b93f9f881fe3434cc1450456532d,table,table,,,,
,176331ab6542bd406e3c8a33c4ddf2ef,coffee_table,table,,,,
,88e73431030e8494cc0436ebbd73343e,dining_table,table,,,,
,525d48d65079b2003f222a37719e9945,table,table,,,,
,3d5f670616613d29948e91a0263c6132,coffee_table,table,,,,
,9b8e7652eac8daef33e6ceca7fd89911,dining_table,table,,,,
,53bc49f45214d8d6ea73a64ae4344bc3,table,table,,,,
,624890f61579a5db84577a999a07cf3,coffee_table,table,,,,
,fe167899fda76d1e88dcbe86402c7c15,dining_table,table,,,,
,841082ec0a936a16a4bec68446bb57f4,table,table,,,,
,c0470c413b0a260979368d1198f406e7,table,table,,,,
,9b298fa03232e1c29daeea1362fbd792,tv_stand,tv_stand,,,,
,fc58916f7322a9ec79f0d54f2568ec16,tv_stand,tv_stand,,,,
,1316780d9b4a8ca71bb088904f7cb154,tv_stand,tv_stand,,,,
,47cb4740e2e0cb8d11bf24e88933ed8f,tv_stand,tv_stand,,,,
,4ee381b31ee52ab83a2356a805b7cdf7,wardrobe_cabinet,wardrobe_cabinet,,,,
,581c8baea2ec1161e8109480f4780398,wardrobe_cabinet,wardrobe_cabinet,,,,
,cb48ec828b688a78d747fd5e045d7490,wardrobe_cabinet,wardrobe_cabinet,,,,
,300a2c57c5c0a31c35836c728d324152,floor_lamp,indoor_lamp,,,,
,3469cdf83a3cba1f35836c728d324152,floor_lamp,indoor_lamp,,,,
,8ece80f3ebbaac7035836c728d324152,floor_lamp,indoor_lamp,,,,
,c12cae39fa4d6f78a99e0f0bf1de3bbf,floor_lamp,indoor_lamp,,,,
,dccb87aacbcb40a4f1783a44a88d6274,stand,stand,,,,
,2bc37c326782ecfb9bbc8ad5ece3c1b,night_stand,stand,,,,
,68c52fa67028fceb47637d2621d965b1,stand,stand,,,,
,674ca67d5876e229d7c94fd3267ccbc,night_stand,stand,,,,
,849c1f116afb9875850130934a5671bf,night_stand,stand,,,,
,bde984cab54f1b8fce58f346b4d8abe,night_stand,stand,,,,
,17ff217a53ffcb20a1c637e821f12a67,dresser,dresser,,,,
,23b5ae42941ac7815b7d8e48ecc58356,dresser,dresser,,,,
,323b0f64f153b47e434c88ae20f69331,dresser,dresser,,,,
,3c693492780885e248af20241edfd17b,dresser,dresser,,,,
,43890c1681acdb96192cb9598e6d5392,plant,plant,,,,
,76ffe67d67948975464e3094da7d844a,plant,plant,,,,
,c19c6178ed0f6f9da989559b7c93527c,plant,plant,,,,
,20ab8bdaf7558cabfd5a5a5596b9840d,plant,plant,,,,
,5bf7954ab8168f24e3849910c5019154,plant,plant,,,,
,6028628127766d41cffd61677456447e,dressing_table,dressing_table,,,,
,eb5b11f0820f73acc5d9967b65588a28,dressing_table,dressing_table,,,,
,1f7301bb64526ce9d4cdf759998ef5c2,piano,music,,,,
,1a4ec387ea6820345778775dfd5ca46a,loudspeaker,music,,,,
,67f091721c90a533d747b49524a1246e,loudspeaker,music,,,,
,133f2d360f9b8691f5ee22e800bb9145,sofa,sofa,,,,
,2298d06de1efec2a8ab33b80d7377fc3,sofa,sofa,,,,
,354c37c168778a0bd4830313df3656b,sofa,sofa,,,,
,8872b51e43d2839b2bbb2dbe46302370,sofa,sofa,,,,
,c955e564c9a73650f78bdf37d618e97e,sofa,sofa,,,,
,87f103e24f91af8d4343db7d677fae7b,sofa,sofa,,,,
,5138936886b73a214892e19b2e1fd933,game_table,recreation,,,,
,151916d8cacda1691c352d02061b3f7,shelving,shelving,,,,
,39ef7e982d00763560507fdad4357e06,bookshelf,shelving,,,,
,3eb855c7bda95c1391c352d02061b3f7,shelving,shelving,,,,
,693836c29e5fa6179a2988e955b5ae43,bookshelf,shelving,,,,
,50b6f015efde66415c4a5e5e114d842,shelving,shelving,,,,
,750ba8feafceba921933ffef19678834,bookshelf,shelving,,,,
,7dd090ba0a8588a55f7f6f928a280ff1,shelving,shelving,,,,
,79f81b259e597d168e6da51641e48238,bookshelf,shelving,,,,
,3348af6458aa2f0545004a22a9d35958,single_bed,bed,,,,
,30b6b75548448c5f88a441c3f24d213a,double_bed,bed,,,,
,20eebe2dd79d8a663c21e83bef1bd7ca,baby_bed,bed,,,,
,59e9b9d7aee400b13df325aac2f73830,single_bed,bed,,,,
,87870712d104cf964fc1553be5e987de,double_bed,bed,,,,
,fcebba8e480c01bfdbc727c5adcdbaf5,single_bed,bed,,,,
,e91c2df09de0d4b1ed4d676215f46734,double_bed,bed,,,,
,69d996ed6fce735e1f6a5b0146bf3030,single_bed,bed,,,,
,57ca0a93f07cd504e3f7a74e12a274ef,double_bed,bed,,,,
,3df20e86818847dcd054cd3079273293,single_bed,bed,,,,
,5bbcf08fabf2d50336b41ce3eef1f5be,double_bed,bed,,,,
,8031a85ece37f223b5edf94cfe57f2d,double_bed,bed,,,,
,1152a5db0db892286c52446b30bba6c,fireplace,fireplace,,,,
,1c7b7f43d91e474dabaf316e4a957cb1,fireplace,fireplace,,,,
,83c33ab5e108f688657bf7ec906f4721,fireplace,fireplace,,,,
,df1bd1065e7f7cde5e29ce2c9d37b952,fireplace,fireplace,,,,
,21739712276d970c62261c712c0aec55,gym_equipment,gym_equipment,,,,
,2a65d7ac4437736724a415fef8a3f966,gym_equipment,gym_equipment,,,,
,f1b1e5d8f592f302a017d113d18bd1de,hanger,hanger,,,,
,653776d3f5cf198ccf004563556ddb36,hanger,hanger,,,,
,8bd3e4df6908e4876510282e828922a,bench_chair,bench_chair,,,,
,976636850849c3d6ffd996335233167,bench_chair,bench_chair,,,,
,bd276817499c11edf1783a44a88d6274,bench_chair,bench_chair,,,,
,11d2b7d8c377632bd4d8765e3910f617,trash_can,trash_can,,,,
,21601b2073df39a1ba03b08fad766c06,trash_can,trash_can,,,,
,e0c167a32fe41d1ce7ab3a37ad319023,trash_can,trash_can,,,,
,55abd427263bc2267f98595f18a6210f,desk,desk,,,,
,7807caccf26f7845e5cf802ea0702182,desk,desk,,,,
,c0970c1e14ba58a28d2d730aebe7865d,desk,desk,,,,
,d9e3a8c4f093d66f3e474b0005d777b5,desk,desk,,,,
,162413f98e2184d35b801d9acf8d2f94,desk,desk,,,,
,65f9103ab7a64e83cb7105765410e2d6,desk,desk,,,,
,90cd1d5e2f33888ebe9fa30bb5c5d8b5,desk,desk,,,,
,86a25532f255728fdaeb838d0771f3b5,armchair,chair,,,,
,9072f7b49f0f9a4bf8bd41e640eaf848,folding_chair,chair,,,,
,951cc2a069d075cdadaabe1b581f21e1,straight_chair,chair,,,,
,1c3f1a9cea91359c4c3e19c2c67c262f,lounge_chair,chair,,,,
,12f4d8c20ef311d988dcbe86402c7c15,sofa_chair,chair,,,,
,119ddb219f69b1cc492d9da2668ec34c,office_chair,chair,,,,
,2c765a22aed498f79ec5c5d2f7741e6a,chair,chair,,,,
,fc131dfba15fafb2fdeed357dfbe708a,armchair,chair,,,,
,d4aafb7908c8ae5883005e5bf6c208e0,folding_chair,chair,,,,
,258867fb919719fdf91663a74ccd2338,straight_chair,chair,,,,
,32408a694ac56775ce62834dbceac22f,lounge_chair,chair,,,,
,2fca00b377269eebdb039d8689a74349,sofa_chair,chair,,,,
,14977bca24205cc2a6fee8e2140acec9,office_chair,chair,,,,
,806bce1a95268006ecd7cae46ee113ea,chair,chair,,,,
,889608adead0fbcad5067eac75a07f7,armchair,chair,,,,
,4855971647f786b642e1bb4fe264125f,straight_chair,chair,,,,
,665bfb42a0362f71d577f4b88a77dd38,lounge_chair,chair,,,,
,7f3562432f02b8a897d3ea932731fd42,sofa_chair,chair,,,,
,20a5672ab6767a436fdde33224151fa5,office_chair,chair,,,,
,17870a3cccc0709ab610b0c94236463,chair,chair,,,,
,4ab439279e665e08410fc47639efb60,straight_chair,chair,,,,
,8a38d65b4909e79d727e9f790cd597,lounge_chair,chair,,,,
,228d02580021e666796c584ff1fcf56d,office_chair,chair,,,,
,3225898a2fe3f6257ed90bca788562eb,office_chair,chair,,,,
,104221f8a5b6676aa1dda33d5a7c8c38,coffee_table,table,,,,
,14624a2cc43aac50e3a031805ace4a99,dining_table,table,,,,
,2362ec480b3e9baa4fd5721982c508ad,table,table,,,,
,155a08c8e150e7008c4f202fffc87396,coffee_table,table,,,,
,3f75a5cd629226a43bc7843c125d3dc1,dining_table,table,,,,
,4b22b93f9f881fe3434cc1450456532d,table,table,,,,
,176331ab6542bd406e3c8a33c4ddf2ef,coffee_table,table,,,,
,88e73431030e8494cc0436ebbd73343e,dining_table,table,,,,
,525d48d65079b2003f222a37719e9945,table,table,,,,
,3d5f670616613d29948e91a0263c6132,coffee_table,table,,,,
,9b8e7652eac8daef33e6ceca7fd89911,dining_table,table,,,,
,53bc49f45214d8d6ea73a64ae4344bc3,table,table,,,,
,624890f61579a5db84577a999a07cf3,coffee_table,table,,,,
,fe167899fda76d1e88dcbe86402c7c15,dining_table,table,,,,
,841082ec0a936a16a4bec68446bb57f4,table,table,,,,
,c0470c413b0a260979368d1198f406e7,table,table,,,,
,9b298fa03232e1c29daeea1362fbd792,tv_stand,tv_stand,,,,
,fc58916f7322a9ec79f0d54f2568ec16,tv_stand,tv_stand,,,,
,1316780d9b4a8ca71bb088904f7cb154,tv_stand,tv_stand,,,,
,47cb4740e2e0cb8d11bf24e88933ed8f,tv_stand,tv_stand,,,,
,4ee381b31ee52ab83a2356a805b7cdf7,wardrobe_cabinet,wardrobe_cabinet,,,,
,581c8baea2ec1161e8109480f4780398,wardrobe_cabinet,wardrobe_cabinet,,,,
,cb48ec828b688a78d747fd5e045d7490,wardrobe_cabinet,wardrobe_cabinet,,,,
,300a2c57c5c0a31c35836c728d324152,floor_lamp,indoor_lamp,,,,
,3469cdf83a3cba1f35836c728d324152,floor_lamp,indoor_lamp,,,,
,8ece80f3ebbaac7035836c728d324152,floor_lamp,indoor_lamp,,,,
,c12cae39fa4d6f78a99e0f0bf1de3bbf,floor_lamp,indoor_lamp,,,,
,dccb87aacbcb40a4f1783a44a88d6274,stand,stand,,,,
,2bc37c326782ecfb9bbc8ad5ece3c1b,night_stand,stand,,,,
,68c52fa67028fceb47637d2621d965b1,stand,stand,,,,
,674ca67d5876e229d7c94fd3267ccbc,night_stand,stand,,,,
,849c1f116afb9875850130934a5671bf,night_stand,stand,,,,
,bde984cab54f1b8fce58f346b4d8abe,night_stand,stand,,,,
,17ff217a53ffcb20a1c637e821f12a67,dresser,dresser,,,,
,23b5ae42941ac7815b7d8e48ecc58356,dresser,dresser,,,,
,323b0f64f153b47e434c88ae20f69331,dresser,dresser,,,,
,3c693492780885e248af20241edfd17b,dresser,dresser,,,,
,43890c1681acdb96192cb9598e6d5392,plant,plant,,,,
,76ffe67d67948975464e3094da7d844a,plant,plant,,,,
,c19c6178ed0f6f9da989559b7c93527c,plant,plant,,,,
,20ab8bdaf7558cabfd5a5a5596b9840d,plant,plant,,,,
,5bf7954ab8168f24e3849910c5019154,plant,plant,,,,
,6028628127766d41cffd61677456447e,dressing_table,dressing_table,,,,
,eb5b11f0820f73acc5d9967b65588a28,dressing_table,dressing_table,,,,
,1f7301bb64526ce9d4cdf759998ef5c2,piano,music,,,,
,1a4ec387ea6820345778775dfd5ca46a,loudspeaker,music,,,,
,67f091721c90a533d747b49524a1246e,loudspeaker,music,,,,
,133f2d360f9b8691f5ee22e800bb9145,sofa,sofa,,,,
,2298d06de1efec2a8ab33b80d7377fc3,sofa,sofa,,,,
,354c37c168778a0bd4830313df3656b,sofa,sofa,,,,
,8872b51e43d2839b2bbb2dbe46302370,sofa,sofa,,,,
,c955e564c9a73650f78bdf37d618e97e,sofa,sofa,,,,
,87f103e24f91af8d4343db7d677fae7b,sofa,sofa,,,,
,5138936886b73a214892e19b2e1fd933,game_table,recreation,,,,
,151916d8cacda1691c352d02061b3f7,shelving,shelving,,,,
,39ef7e982d00763560507fdad4357e06,bookshelf,shelving,,,,
,3eb855c7bda95c1391c352d02061b3f7,shelving,shelving,,,,
,693836c29e5fa6179a2988e955b5ae43,bookshelf,shelving,,,,
,50b6f015efde66415c4a5e5e114d842,shelving,shelving,,,,
,750ba8feafceba921933ffef19678834,bookshelf,shelving,,,,
,7dd090ba0a8588a55f7f6f928a280ff1,shelving,shelving,,,,
,79f81b259e597d168e6da51641e48238,bookshelf,shelving,,,,
,3348af6458aa2f0545004a22a9d35958,single_bed,bed,,,,
,30b6b75548448c5f88a441c3f24d213a,double_bed,bed,,,,
,20eebe2dd79d8a663c21e83bef1bd7ca,baby_bed,bed,,,,
,59e9b9d7aee400b13df325aac2f73830,single_bed,bed,,,,
,87870712d104cf964fc1553be5e987de,double_bed,bed,,,,
,fcebba8e480c01bfdbc727c5adcdbaf5,single_bed,bed,,,,
,e91c2df09de0d4b1ed4d676215f46734,double_bed,bed,,,,
,69d996ed6fce735e1f6a5b0146bf3030,single_bed,bed,,,,
,57ca0a93f07cd504e3f7a74e12a274ef,double_bed,bed,,,,
,3df20e86818847dcd054cd3079273293,single_bed,bed,,,,
,5bbcf08fabf2d50336b41ce3eef1f5be,double_bed,bed,,,,
,8031a85ece37f223b5edf94cfe57f2d,double_bed,bed,,,,
,1152a5db0db892286c52446b30bba6c,fireplace,fireplace,,,,
,1c7b7f43d91e474dabaf316e4a957cb1,fireplace,fireplace,,,,
,83c33ab5e108f688657bf7ec906f4721,fireplace,fireplace,,,,
,df1bd1065e7f7cde5e29ce2c9d37b952,fireplace,fireplace,,,,
,21739712276d970c62261c712c0aec55,gym_equipment,gym_equipment,,,,
,2a65d7ac4437736724a415fef8a3f966,gym_equipment,gym_equipment,,,,
,f1b1e5d8f592f302a017d113d18bd1de,hanger,hanger,,,,
,653776d3f5cf198ccf004563556ddb36,hanger,hanger,,,,
,8bd3e4df6908e4876510282e828922a,bench_chair,bench_chair,,,,
,976636850849c3d6ffd996335233167,bench_chair,bench_chair,,,,
,bd276817499c11edf1783a44a88d6274,bench_chair,bench_chair,,,,
,11d2b7d8c377632bd4d8765e3910f617,trash_can,trash_can,,,,
,21601b2073df39a1ba03b08fad766c06,trash_can,trash_can,,,,
,e0c167a32fe41d1ce7ab3a37ad319023,trash_can,trash_can,,,,
